-- MySQL dump 10.13  Distrib 8.0.33, for Win64 (x86_64)
--
-- Host: 127.0.0.1    Database: jomalone_db
-- ------------------------------------------------------
-- Server version	11.5.2-MariaDB

/*!40101 SET @OLD_CHARACTER_SET_CLIENT=@@CHARACTER_SET_CLIENT */;
/*!40101 SET @OLD_CHARACTER_SET_RESULTS=@@CHARACTER_SET_RESULTS */;
/*!40101 SET @OLD_COLLATION_CONNECTION=@@COLLATION_CONNECTION */;
/*!50503 SET NAMES utf8mb4 */;
/*!40103 SET @OLD_TIME_ZONE=@@TIME_ZONE */;
/*!40103 SET TIME_ZONE='+00:00' */;
/*!40014 SET @OLD_UNIQUE_CHECKS=@@UNIQUE_CHECKS, UNIQUE_CHECKS=0 */;
/*!40014 SET @OLD_FOREIGN_KEY_CHECKS=@@FOREIGN_KEY_CHECKS, FOREIGN_KEY_CHECKS=0 */;
/*!40101 SET @OLD_SQL_MODE=@@SQL_MODE, SQL_MODE='NO_AUTO_VALUE_ON_ZERO' */;
/*!40111 SET @OLD_SQL_NOTES=@@SQL_NOTES, SQL_NOTES=0 */;

--
-- Table structure for table `basket`
--

DROP TABLE IF EXISTS `basket`;
/*!40101 SET @saved_cs_client     = @@character_set_client */;
/*!50503 SET character_set_client = utf8mb4 */;
CREATE TABLE `basket` (
  `bs_id` int(11) NOT NULL AUTO_INCREMENT,
  `bs_email` varchar(255) DEFAULT NULL,
  `bs_product_id` int(11) DEFAULT NULL,
  PRIMARY KEY (`bs_id`)
) ENGINE=InnoDB AUTO_INCREMENT=23 DEFAULT CHARSET=utf8mb4 COLLATE=utf8mb4_uca1400_ai_ci;
/*!40101 SET character_set_client = @saved_cs_client */;

--
-- Dumping data for table `basket`
--

/*!40000 ALTER TABLE `basket` DISABLE KEYS */;
INSERT INTO `basket` VALUES (9,'sera@gmail.com',4),(10,'sera@gmail.com',5),(11,'sooyeon@gmail.com',2),(12,'aram@gmail.com',4),(13,'aram@gmail.com',1),(17,'haein@gmail.com',44),(20,'dfdfjk@naver.com',1),(22,'wooseok@gmail.com',14);
/*!40000 ALTER TABLE `basket` ENABLE KEYS */;

--
-- Table structure for table `orders`
--

DROP TABLE IF EXISTS `orders`;
/*!40101 SET @saved_cs_client     = @@character_set_client */;
/*!50503 SET character_set_client = utf8mb4 */;
CREATE TABLE `orders` (
  `order_id` int(11) NOT NULL AUTO_INCREMENT,
  `email` varchar(255) NOT NULL,
  `pay_to` varchar(255) NOT NULL,
  `order_name` varchar(255) NOT NULL,
  `order_total` int(11) NOT NULL,
  `order_tel` varchar(255) NOT NULL,
  `order_zip` varchar(255) NOT NULL,
  `order_roadname` varchar(255) NOT NULL,
  `order_buildname` varchar(255) NOT NULL,
  `order_addredetail` varchar(255) NOT NULL,
  `order_msg` varchar(255) DEFAULT NULL,
  `order_status` varchar(255) NOT NULL,
  `order_date` datetime NOT NULL,
  `invoice` varchar(255) DEFAULT NULL,
  `status_date` datetime DEFAULT NULL,
  PRIMARY KEY (`order_id`)
) ENGINE=InnoDB AUTO_INCREMENT=62 DEFAULT CHARSET=utf8mb4 COLLATE=utf8mb4_uca1400_ai_ci;
/*!40101 SET character_set_client = @saved_cs_client */;

--
-- Dumping data for table `orders`
--

/*!40000 ALTER TABLE `orders` DISABLE KEYS */;
INSERT INTO `orders` VALUES (1,'aram@gmail.com','kakao','이아람',617000,'010-1111-2222','24672','서울시 동대문구 고산자로 534','(제기동, 제기한신아파트)','1012동 303호','잘 부탁드려요','반품완료','2024-12-06 12:00:00','','2024-12-10 14:30:59'),(2,'jeongyun@gmail.com','card','삼아람',235000,'010-2222-1121','5502','서울시 송송구 올림픽로 135','(잠실동, 잠실리센츠)','242동 212호',NULL,'반품접수','2023-11-11 00:12:00','','2024-12-10 14:30:59'),(3,'sera@gmail.com','payco','박세라',220000,'010-3232-2323','24672','서울시 송파구 올림픽로 135','(잠실잠실동, 잠실리센츠)','303동 453호','빠르게 부탁드려요','주문완료','2024-12-06 00:00:12','','2024-12-13 17:28:39'),(4,'sooyeon@gmail.com','naver','한수연',434000,'010-2323-3434','5502','서울시 동동문구 고산자로 534','(제기차기동, 제기한신아파트)','222동 1201호',NULL,'취소','2024-12-03 11:00:00','','2024-12-10 14:30:59'),(5,'aram@gmail.com','naver','이아람',1100000,'010-1111-2222','24672','서울시 동대문구 고산자로 534','(제기동, 제기한신아파트)','1012동 303호','안녕하이요','반품접수','2024-12-08 00:11:00','','2024-12-10 14:30:59'),(6,'sooyeon@gmail.com','payco','한수연',1134000,'010-2323-3434','12345','서울시 강서구','강서구아파트','122동 1222호','안녕','환불접수','2024-12-08 00:00:11','','2024-12-10 14:30:59'),(7,'sooyeon@gmail.com','kakao','한수연',648000,'010-2323-3434','12345','서울시 강서구','강서구아파트','122동 1222호','안녕','반품접수','2024-12-08 04:00:00','','2024-12-10 14:30:59'),(8,'sooyeon@gmail.com','kakao','한수연',648000,'010-2323-3434','12345','서울시 강서구','강서구아파트','122동 1222호','ㄴㄴ','주문완료','2024-12-08 00:04:00','','2024-12-13 17:28:39'),(9,'sooyeon@gmail.com','card','한수연',162000,'010-2323-3434','12345','서울시 강서구','강서구아파트','122동 1222호','ㄴㄴ','환불접수','2024-12-08 00:00:04','','2024-12-10 14:30:59'),(10,'sooyeon@gmail.com','card','한수연',162000,'010-2323-3434','12345','서울시 강서구','강서구아파트','122동 1222호','ㄴㄴ','반품접수','2024-12-08 03:00:00','','2024-12-10 14:30:59'),(11,'sooyeon@gmail.com','naver','한수연',162000,'010-2323-3434','12345','서울시 강서구','강서구아파트','122동 1222호','ㄴㄴ','반품접수','2024-12-08 00:03:00','','2024-12-10 14:30:59'),(12,'jeongyun@gmail.com','card','류정윤',235000,'010-1212-2121','5502','서울시 송파구 올림픽로 135','(잠실동, 잠실리센츠)','303동 1201호',NULL,'주문완료','2024-12-08 00:00:03','','2024-12-13 17:28:39'),(13,'jeongyun@gmail.com','naver','류정윤',235000,'010-1212-2121','5502','서울시 송파구 올림픽로 135','(잠실동, 잠실리센츠)','303동 1201호','dd','배송완료','2024-10-09 06:00:00','','2024-12-13 17:28:39'),(14,'jeongyun@gmail.com','payco','류정윤',235000,'010-1212-2121','5502','서울시 송파구 올림픽로 135','(잠실동, 잠실리센츠)','303동 1201호',NULL,'배송완료','2024-11-09 00:06:00','','2024-12-13 17:28:39'),(15,'jeongyun@gmail.com','kakao','류정윤',470000,'010-1212-2121','5502','서울시 송파구 올림픽로 135','(잠실동, 잠실리센츠)','303동 1201호',NULL,'배송완료','2024-12-09 00:00:06','1111','2024-12-13 17:28:39'),(16,'sooyeon@gmail.com','card','한수연',162000,'010-2323-3434','12345','서울시 강서구','강서구아파트','122동 1222호','ㄴㄴ','배송완료','2023-11-08 13:00:00','1111','2024-12-13 17:28:39'),(17,'sooyeon@gmail.com','naver','한수연',162000,'010-2323-3434','12345','서울시 강서구','강서구아파트','122동 1222호','ㄴㄴ','배송완료','2023-10-08 00:03:00','2222','2024-12-13 17:28:39'),(18,'jeongyun@gmail.com','card','류정윤',235000,'010-1212-2121','5502','서울시 송파구 올림픽로 135','(잠실동, 잠실리센츠)','303동 1201호',NULL,'배송완료','2023-09-08 00:00:03','3333','2024-12-13 17:28:39'),(19,'jeongyun@gmail.com','naver','류정윤',235000,'010-1212-2121','5502','서울시 송파구 올림픽로 135','(잠실동, 잠실리센츠)','303동 1201호','dd','배송완료','2023-08-09 06:00:00','4444','2024-12-13 17:28:39'),(20,'jeongyun@gmail.com','payco','류정윤',235000,'010-1212-2121','5502','서울시 송파구 올림픽로 135','(잠실동, 잠실리센츠)','303동 1201호',NULL,'배송완료','2023-07-09 00:06:00','5555','2024-12-13 17:28:39'),(21,'jeongyun@gmail.com','kakao','류정윤',470000,'010-1212-2121','5502','서울시 송파구 올림픽로 135','(잠실동, 잠실리센츠)','303동 1201호',NULL,'배송완료','2023-06-09 00:00:06','1111','2024-12-13 17:28:39'),(22,'sooyeon@gmail.com','card','한수연',162000,'010-2323-3434','12345','서울시 강서구','강서구아파트','122동 1222호','ㄴㄴ','배송완료','2022-11-08 13:00:00','1111','2024-12-13 17:28:39'),(23,'sooyeon@gmail.com','naver','한수연',162000,'010-2323-3434','12345','서울시 강서구','강서구아파트','122동 1222호','ㄴㄴ','배송완료','2022-10-08 00:03:00','2222','2024-12-13 17:28:39'),(24,'jeongyun@gmail.com','card','류정윤',235000,'010-1212-2121','5502','서울시 송파구 올림픽로 135','(잠실동, 잠실리센츠)','303동 1201호',NULL,'배송완료','2022-09-08 00:00:03','3333','2024-12-13 17:28:39'),(25,'jeongyun@gmail.com','naver','류정윤',235000,'010-1212-2121','5502','서울시 송파구 올림픽로 135','(잠실동, 잠실리센츠)','303동 1201호','dd','배송완료','2022-08-09 06:00:00','4444','2024-12-13 17:28:39'),(26,'jeongyun@gmail.com','payco','류정윤',235000,'010-1212-2121','5502','서울시 송파구 올림픽로 135','(잠실동, 잠실리센츠)','303동 1201호',NULL,'배송완료','2022-07-09 00:06:00','5555','2024-12-13 17:28:39'),(27,'jeongyun@gmail.com','kakao','류정윤',470000,'010-1212-2121','5502','서울시 송파구 올림픽로 135','(잠실동, 잠실리센츠)','303동 1201호',NULL,'배송완료','2022-06-09 00:00:06','1111','2024-12-13 17:28:39'),(28,'jeongyun@gmail.com','payco','류정윤',235000,'010-1212-2121','5502','서울시 송파구 올림픽로 135','(잠실동, 잠실리센츠)','303동 1201호',NULL,'배송완료','2024-12-11 00:06:00','5555','2024-12-13 17:28:39'),(29,'jeongyun@gmail.com','kakao','류정윤',470000,'010-1212-2121','5502','서울시 송파구 올림픽로 135','(잠실동, 잠실리센츠)','303동 1201호',NULL,'배송완료','2024-12-10 00:00:06','1111','2024-12-13 17:28:39'),(30,'sooyeon@gmail.com','card','한수연',162000,'010-2323-3434','12345','서울시 강서구','강서구아파트','122동 1222호','ㄴㄴ','배송완료','2024-12-09 13:00:00','1111','2024-12-13 17:28:39'),(31,'sooyeon@gmail.com','naver','한수연',162000,'010-2323-3434','12345','서울시 강서구','강서구아파트','122동 1222호','ㄴㄴ','배송완료','2024-12-07 00:03:00','2222','2024-12-13 17:28:39'),(32,'jeongyun@gmail.com','card','류정윤',235000,'010-1212-2121','5502','서울시 송파구 올림픽로 135','(잠실동, 잠실리센츠)','303동 1201호',NULL,'배송완료','2024-12-11 00:00:03','3333','2024-12-13 17:28:39'),(33,'jeongyun@gmail.com','naver','류정윤',235000,'010-1212-2121','5502','서울시 송파구 올림픽로 135','(잠실동, 잠실리센츠)','303동 1201호','dd','배송완료','2024-12-10 06:00:00','4444','2024-12-13 17:28:39'),(34,'jeongyun@gmail.com','payco','류정윤',235000,'010-1212-2121','5502','서울시 송파구 올림픽로 135','(잠실동, 잠실리센츠)','303동 1201호',NULL,'배송완료','2024-12-09 00:06:00','5555','2024-12-13 17:28:39'),(35,'jeongyun@gmail.com','kakao','류정윤',470000,'010-1212-2121','5502','서울시 송파구 올림픽로 135','(잠실동, 잠실리센츠)','303동 1201호',NULL,'배송완료','2024-12-06 00:00:06','1111','2024-12-13 17:28:39'),(36,'jehoon@gmail.com','kakao','이제훈',325000,'010-2222-2121','12221','서울시 서대문구 수색로 100','(북가좌동, DMC래미안e편한세상)','303동 1203호','문 앞에 놔주세요','배송완료','2024-01-03 12:00:00','3456','2024-12-13 17:28:39'),(37,'jehoon@gmail.com','card','이제훈',224000,'010-2222-2121','12221','서울시 서대문구 수색로 100','(북가좌동, DMC래미안e편한세상)','303동 1203호','문 앞에 놔주세요','배송완료','2024-02-03 12:00:00','3456','2024-12-13 17:28:39'),(38,'jehoon@gmail.com','card','이제훈',118200,'010-2222-2121','12221','서울시 서대문구 수색로 100','(북가좌동, DMC래미안e편한세상)','303동 1203호','문 앞에 놔주세요','배송완료','2024-03-03 12:00:00','3456','2024-12-13 17:28:39'),(39,'jehoon@gmail.com','kakao','이제훈',888300,'010-2222-2121','12221','서울시 서대문구 수색로 100','(북가좌동, DMC래미안e편한세상)','303동 1203호','문 앞에 놔주세요','배송완료','2024-04-03 12:00:00','3456','2024-12-13 17:28:39'),(40,'jehoon@gmail.com','card','이제훈',1503000,'010-2222-2121','12221','서울시 서대문구 수색로 100','(북가좌동, DMC래미안e편한세상)','303동 1203호','문 앞에 놔주세요','배송완료','2024-05-03 12:00:00','3456','2024-12-13 17:28:39'),(41,'jehoon@gmail.com','card','이제훈',450000,'010-2222-2121','12221','서울시 서대문구 수색로 100','(북가좌동, DMC래미안e편한세상)','303동 1203호','문 앞에 놔주세요','배송완료','2024-06-03 12:00:00','3456','2024-12-13 17:28:39'),(42,'jehoon@gmail.com','card','이제훈',275000,'010-2222-2121','12221','서울시 서대문구 수색로 100','(북가좌동, DMC래미안e편한세상)','303동 1203호','문 앞에 놔주세요','배송완료','2024-07-03 12:00:00','3456','2024-12-13 17:28:39'),(43,'jehoon@gmail.com','naver','이제훈',3240000,'010-2222-2121','12221','서울시 서대문구 수색로 100','(북가좌동, DMC래미안e편한세상)','303동 1203호','문 앞에 놔주세요','배송완료','2024-08-03 12:00:00','3456','2024-12-13 17:28:39'),(44,'jehoon@gmail.com','kakao','이제훈',115000,'010-2222-2121','12221','서울시 서대문구 수색로 100','(북가좌동, DMC래미안e편한세상)','303동 1203호','문 앞에 놔주세요','배송완료','2024-09-03 12:00:00','3456','2024-12-13 17:28:39'),(45,'jehoon@gmail.com','naver','이제훈',553000,'010-2222-2121','12221','서울시 서대문구 수색로 100','(북가좌동, DMC래미안e편한세상)','303동 1203호','문 앞에 놔주세요','배송완료','2024-10-03 12:00:00','3456','2024-12-13 17:28:39'),(46,'jehoon@gmail.com','card','이제훈',88000,'010-2222-2121','12221','서울시 서대문구 수색로 100','(북가좌동, DMC래미안e편한세상)','303동 1203호','문 앞에 놔주세요','배송완료','2024-11-03 12:00:00','3456','2024-12-13 17:28:39'),(47,'jehoon@gmail.com','kakao','이제훈',722000,'010-2222-2121','12221','서울시 서대문구 수색로 100','(북가좌동, DMC래미안e편한세상)','303동 1203호','문 앞에 놔주세요','배송완료','2024-12-03 12:00:00','3456','2024-12-13 17:28:39'),(48,'yeseul@gmail.com','kakao','한예슬',325000,'010-3525-3252','33323','강원도 강릉시 선수촌로 79-14','(유천동, 강릉유천유승한내들더퍼스트)','202동 606호','배송 전 연락주세요','배송완료','2024-01-03 12:00:00','3456','2024-12-13 17:28:39'),(49,'yeseul@gmail.com','card','한예슬',3125000,'010-3525-3252','33323','강원도 강릉시 선수촌로 79-14','(유천동, 강릉유천유승한내들더퍼스트)','202동 606호','배송 전 연락주세요','배송완료','2024-02-03 12:00:00','3456','2024-12-13 17:28:39'),(50,'yeseul@gmail.com','card','한예슬',428000,'010-3525-3252','33323','강원도 강릉시 선수촌로 79-14','(유천동, 강릉유천유승한내들더퍼스트)','202동 606호','배송 전 연락주세요','배송완료','2024-03-03 12:00:00','3456','2024-12-13 17:28:39'),(51,'yeseul@gmail.com','kakao','한예슬',117800,'010-3525-3252','33323','강원도 강릉시 선수촌로 79-14','(유천동, 강릉유천유승한내들더퍼스트)','202동 606호','배송 전 연락주세요','배송완료','2024-04-03 12:00:00','3456','2024-12-13 17:28:39'),(52,'yeseul@gmail.com','card','한예슬',624000,'010-3525-3252','33323','강원도 강릉시 선수촌로 79-14','(유천동, 강릉유천유승한내들더퍼스트)','202동 606호','배송 전 연락주세요','배송완료','2024-05-03 12:00:00','3456','2024-12-13 17:28:39'),(53,'yeseul@gmail.com','card','한예슬',94400,'010-3525-3252','33323','강원도 강릉시 선수촌로 79-14','(유천동, 강릉유천유승한내들더퍼스트)','202동 606호','배송 전 연락주세요','배송완료','2024-06-03 12:00:00','3456','2024-12-13 17:28:39'),(54,'yeseul@gmail.com','kakao','한예슬',148500,'010-3525-3252','33323','강원도 강릉시 선수촌로 79-14','(유천동, 강릉유천유승한내들더퍼스트)','202동 606호','배송 전 연락주세요','배송완료','2024-07-03 12:00:00','3456','2024-12-13 17:28:39'),(55,'yeseul@gmail.com','card','한예슬',4958000,'010-3525-3252','33323','강원도 강릉시 선수촌로 79-14','(유천동, 강릉유천유승한내들더퍼스트)','202동 606호','배송 전 연락주세요','배송완료','2024-08-03 12:00:00','3456','2024-12-13 17:28:39'),(56,'yeseul@gmail.com','card','한예슬',420000,'010-3525-3252','33323','강원도 강릉시 선수촌로 79-14','(유천동, 강릉유천유승한내들더퍼스트)','202동 606호','배송 전 연락주세요','배송완료','2024-09-03 12:00:00','3456','2024-12-13 17:28:39'),(57,'yeseul@gmail.com','kakao','한예슬',727000,'010-3525-3252','33323','강원도 강릉시 선수촌로 79-14','(유천동, 강릉유천유승한내들더퍼스트)','202동 606호','배송 전 연락주세요','배송완료','2024-10-03 12:00:00','3456','2024-12-13 17:28:39'),(58,'wooseok@gmail.com','card','변우석',705000,'010-2345-3235','12345','서울특별시 강남구 테헤란로 123','테헤란빌딩','101동 1203호',NULL,'주문완료','2024-12-19 11:55:18',NULL,NULL),(59,'dfdfjk@naver.com','card','김봉구밭',312000,'010-333-2223','12345','서울특별시 강남구 테헤란로 123','테헤란빌딩','102동123호','호호할머니가 될때까지 쓸거야','주문완료','2024-12-19 15:50:13',NULL,NULL),(60,'wooseok@gmail.com','naver','변우석',1880000,'010-2335-3333','12345','서울특별시 강남구 테헤란로 123','강남빌딩','102동 1222호',NULL,'취소','2024-12-19 16:35:15',NULL,'2024-12-19 16:41:15'),(61,'wooseok@gmail.com','card','변우석',705000,'010-2345-3235','12345','서울특별시 강남구 테헤란로 123','테헤란빌딩','101동 1203호',NULL,'주문완료','2024-12-19 16:50:28',NULL,NULL);
/*!40000 ALTER TABLE `orders` ENABLE KEYS */;

--
-- Table structure for table `orders_detail`
--

DROP TABLE IF EXISTS `orders_detail`;
/*!40101 SET @saved_cs_client     = @@character_set_client */;
/*!50503 SET character_set_client = utf8mb4 */;
CREATE TABLE `orders_detail` (
  `no` int(11) NOT NULL AUTO_INCREMENT,
  `order_id` int(11) NOT NULL,
  `product_id` int(11) NOT NULL,
  `order_cnt` int(11) NOT NULL,
  `product_price` int(11) NOT NULL,
  PRIMARY KEY (`no`)
) ENGINE=InnoDB AUTO_INCREMENT=69 DEFAULT CHARSET=utf8mb4 COLLATE=utf8mb4_uca1400_ai_ci;
/*!40101 SET character_set_client = @saved_cs_client */;

--
-- Dumping data for table `orders_detail`
--

/*!40000 ALTER TABLE `orders_detail` DISABLE KEYS */;
INSERT INTO `orders_detail` VALUES (1,1,1,2,220000),(2,1,2,1,162000),(3,1,3,1,235000),(4,2,3,1,235000),(5,3,1,2,220000),(6,4,2,2,324000),(7,4,1,1,110000),(8,5,4,8,880000),(9,5,1,2,220000),(10,6,2,7,1134000),(11,7,2,4,648000),(12,8,2,4,648000),(13,9,2,1,162000),(14,10,2,1,162000),(15,11,2,1,162000),(16,12,3,1,235000),(17,13,3,1,235000),(18,14,3,1,235000),(21,15,3,2,470000),(22,16,1,2,220000),(23,16,2,1,162000),(24,17,3,1,235000),(25,18,4,3,324000),(26,19,1,2,220000),(27,20,2,2,162000),(28,21,3,1,235000),(29,22,4,1,324000),(30,23,1,2,220000),(31,24,2,3,162000),(32,25,3,1,235000),(33,26,4,2,324000),(34,27,1,3,220000),(35,28,2,1,162000),(36,29,3,1,235000),(37,30,4,2,324000),(38,31,1,1,220000),(39,32,2,3,162000),(40,33,3,2,235000),(41,34,4,1,324000),(42,35,1,2,220000),(43,36,2,1,162000),(44,37,3,1,235000),(45,38,4,3,324000),(46,39,1,2,220000),(47,40,2,2,162000),(48,41,3,1,235000),(49,42,4,1,324000),(50,43,1,3,220000),(51,44,2,1,162000),(52,45,3,2,235000),(53,46,4,1,324000),(54,47,1,2,220000),(55,48,2,3,162000),(56,49,3,1,235000),(57,50,4,2,324000),(58,51,1,1,220000),(59,52,2,2,162000),(60,53,3,1,235000),(61,54,4,3,324000),(62,55,1,2,220000),(63,56,2,1,162000),(64,57,3,1,235000),(65,58,17,3,705000),(66,59,16,4,312000),(67,60,11,8,1880000),(68,61,38,3,705000);
/*!40000 ALTER TABLE `orders_detail` ENABLE KEYS */;
/*!40103 SET TIME_ZONE=@OLD_TIME_ZONE */;

/*!40101 SET SQL_MODE=@OLD_SQL_MODE */;
/*!40014 SET FOREIGN_KEY_CHECKS=@OLD_FOREIGN_KEY_CHECKS */;
/*!40014 SET UNIQUE_CHECKS=@OLD_UNIQUE_CHECKS */;
/*!40101 SET CHARACTER_SET_CLIENT=@OLD_CHARACTER_SET_CLIENT */;
/*!40101 SET CHARACTER_SET_RESULTS=@OLD_CHARACTER_SET_RESULTS */;
/*!40101 SET COLLATION_CONNECTION=@OLD_COLLATION_CONNECTION */;
/*!40111 SET SQL_NOTES=@OLD_SQL_NOTES */;

-- Dump completed on 2024-12-19 18:02:26
